PRODUCT,BRAND,LOCATION,LISTING TITLE,QTY,PRICE,DESCRIPTION,ebayCategory,NOTE,LISTING,STATUS,ebayID,LISTING ID,ebayTitle,EBAY QTY,EBAY PRICE,SOLD,QTY UPDATE,UPC,BARCODE1,BARCODE2,BARCODE3,INFO1,INFO2,INFO3,INFO4,INFO5,INFO6,INFO7,INFO7,INFO8,INFO9,INFO10,LAST MODIFIED
CPU,AMD,AMD 1,AMD A4-3400 2.7GHZ AS3420JZ22HX SOCKET FM1 CPU PROCESSOR,1,53,<p>Pulled from working unit Guarantee against DOA Comes with 14 days warranty Please check my listing for more computer parts</p>,164,,LISTED,O,151191437224,ID: 151191437224,AMD A4-3400 2.7GHZ AS3420JZ22HX SOCKET FM1 CPU PROCESSOR,1,$53.00,0,,,,,,,,,,,,,,,,,
CPU,AMD,AMD 2,AMD ATHLON 64 3000+ 2.0GHZ CPU PROCESSOR ADA3000AEP4AR SOCKET 754,3,9.95,<p>Pulled from working unit Guarantee against DOA Comes with 14 days warranty Please check my listing for more computer parts</p>,164,,LISTED,O,130987711462,ID: 130987711462,AMD ATHLON 64 3000+ 2.0GHZ CPU PROCESSOR ADA3000AEP4AR SOCKET 754,3,$9.95,0,,,,,,,,,,,,,,,,,
CPU,AMD,AMD 3,AMD ATHLON 64 3000+ 2.0GHZ CPU PROCESSOR ADA3000AEP4AX SOCKET 754,4,8.75,<p>Pulled from working unit Guarantee against DOA Comes with 14 days warranty Please check my listing for more computer parts</p>,164,,LISTED,O,141058182297,ID: 141058182297,AMD ATHLON 64 3000+ 2.0GHZ CPU PROCESSOR ADA3000AEP4AX SOCKET 754,4,$8.75,2,,,,,,,,,,,,,,,,,
CPU,AMD,AMD 4,AMD ATHLON 64 3200+ 2.0GHZ CPU PROCESSOR ADA3200DKA4CG SOCKET 939,1,14,<p>Pulled from working unit Guarantee against DOA Comes with 14 days warranty Please check my listing for more computer parts</p>,164,,LISTED,O,140978979327,ID: 140978979327,AMD ATHLON 64 3200+ 2.0GHZ CPU PROCESSOR ADA3200DKA4CG SOCKET 939,1,$14.00,0,,,,,,,,,,,,,,,,,
CPU,AMD,AMD 5,AMD ATHLON 64 3200+ 2.0GHZ CPU PROCESSOR ADA3200IAA4CN SOCKET AM2,3,6.95,<p>Pulled from working unit Guarantee against DOA Comes with 14 days warranty Please check my listing for more computer parts</p>,164,,LISTED,O,131009662533,ID: 131009662533,AMD ATHLON 64 3200+ 2.0GHZ CPU PROCESSOR ADA3200IAA4CN SOCKET AM2,3,$6.95,0,,,,,,,,,,,,,,,,,
CPU,AMD,AMD 6,AMD ATHLON 64 3400+ 2.2GHZ CPU ADA3400DAA4BZ SOCKET 939,1,11.5,<p>Pulled from working unit Guarantee against DOA Comes with 14 days warranty Please check my listing for more computer parts</p>,164,,LISTED,O,130987710397,ID: 130987710397,AMD ATHLON 64 3400+ 2.2GHZ CPU ADA3400DAA4BZ SOCKET 939,1,$11.50,1,,,,,,,,,,,,,,,,,
CPU,AMD,AMD 7,AMD ATHLON 64 3400+ 2.4GHZ CPU ADA3400AEP4AX SOCKET 754,1,27.5,<p>Pulled from working unit Guarantee against DOA Comes with 14 days warranty Please check my listing for more computer parts</p>,164,,LISTED,O,131019648410,ID: 131019648410,AMD ATHLON 64 3400+ 2.4GHZ CPU ADA3400AEP4AX SOCKET 754,1,$27.50,0,,,,,,,,,,,,,,,,,
CPU,AMD,AMD 8,AMD ATHLON 64 3500+ 2.2GHZ CPU PROCESSOR ADA3500DAA4BW SOCKET 939,9,6.5,<p>Pulled from working unit Guarantee against DOA Comes with 14 days warranty Please check my listing for more computer parts</p>,164,,LISTED,O,141058181167,ID: 141058181167,AMD ATHLON 64 3500+ 2.2GHZ CPU PROCESSOR ADA3500DAA4BW SOCKET 939,9,$6.50,0,,,,,,,,,,,,,,,,,
CPU,AMD,AMD 9,AMD ATHLON 64 3500+ 2.2GHZ CPU PROCESSOR ADA3500DIK4BI SOCKET 939,14,7.5,<p>Pulled from working unit Guarantee against DOA Comes with 14 days warranty Please check my listing for more computer parts</p>,164,,LISTED,O,130987709793,ID: 130987709793,AMD ATHLON 64 3500+ 2.2GHZ CPU PROCESSOR ADA3500DIK4BI SOCKET 939,14,$7.50,1,,,,,,,,,,,,,,,,,
CPU,AMD,AMD 10,AMD ATHLON 64 3500+ 2.2GHZ CPU PROCESSOR ADA3500IAA4CW SOCKET AM2,1,7.5,<p>Pulled from working unit Guarantee against DOA Comes with 14 days warranty Please check my listing for more computer parts</p>,164,,LISTED,O,141058180815,ID: 141058180815,AMD ATHLON 64 3500+ 2.2GHZ CPU PROCESSOR ADA3500IAA4CW SOCKET AM2,1,$7.50,0,,,,,,,,,,,,,,,,,
CPU,AMD,AMD 11,AMD ATHLON 64 3700+ 2.2GHZ ADA3700DKA5CF SOCKET 939 CPU PROCESSOR,1,7.5,<p>Pulled from working unit Guarantee against DOA Comes with 14 days warranty Please check my listing for more computer parts</p>,164,,LISTED,O,131073564030,ID: 131073564030,AMD ATHLON 64 3700+ 2.2GHZ ADA3700DKA5CF SOCKET 939 CPU PROCESSOR,1,$7.50,0,,,,,,,,,,,,,,,,,
CPU,AMD,AMD 12,AMD ATHLON 64 3700+ 2.2GHZ CPU ADA3700DAA5BN SOCKET 939,2,7.5,<p>Pulled from working unit Guarantee against DOA Comes with 14 days warranty Please check my listing for more computer parts</p>,164,,LISTED,O,141058180191,ID: 141058180191,AMD ATHLON 64 3700+ 2.2GHZ CPU ADA3700DAA5BN SOCKET 939,2,$7.50,2,,,,,,,,,,,,,,,,,
CPU,AMD,AMD 13,AMD ATHLON 64 3800+ 2.4GHZ CPU PROCESSOR ADA3800IAA4CN SOCKET AM2,6,8.5,<p>Pulled from working unit Guarantee against DOA Comes with 14 days warranty Please check my listing for more computer parts</p>,164,,LISTED,O,130987708722,ID: 130987708722,AMD ATHLON 64 3800+ 2.4GHZ CPU PROCESSOR ADA3800IAA4CN SOCKET AM2,6,$8.50,1,,,,,,,,,,,,,,,,,
CPU,AMD,AMD 14,AMD ATHLON 64 4000+ 2.4GHZ CPU PROCESSOR ADA4000IAA4DH SOCKET AM2,1,14.5,<p>Pulled from working unit Guarantee against DOA Comes with 14 days warranty Please check my listing for more computer parts</p>,164,,LISTED,O,130987707988,ID: 130987707988,AMD ATHLON 64 4000+ 2.4GHZ CPU PROCESSOR ADA4000IAA4DH SOCKET AM2,1,$14.50,0,,,,,,,,,,,,,,,,,
CPU,AMD,AMD 15,AMD ATHLON 64 FX 62 2.8GHZ ADAFX62IAA6CS SOCKET AM2 AM2+ DUAL CORE CPU PROCESSOR,1,49.99,<p>Pulled from working unit Guarantee against DOA Comes with 14 days warranty Please check my listing for more computer parts</p>,164,,LISTED,O,141142281193,ID: 141142281193,AMD ATHLON 64 FX 62 2.8GHZ ADAFX62IAA6CS SOCKET AM2 AM2+ DUAL CORE CPU PROCESSOR,1,$49.99,2,,,,,,,,,,,,,,,,,
CPU,AMD,AMD 16,AMD ATHLON 64 LE-1620 2.4GHZ CPU PROCESSOR ADH1620IAA5DH SOCKET AM2,7,7.25,<p>Pulled from working unit Guarantee against DOA Comes with 14 days warranty Please check my listing for more computer parts</p>,164,,LISTED,O,141058178862,ID: 141058178862,AMD ATHLON 64 LE-1620 2.4GHZ CPU PROCESSOR ADH1620IAA5DH SOCKET AM2,7,$7.25,0,,,,,,,,,,,,,,,,,
CPU,AMD,AMD 17,AMD ATHLON 64 X 2 3600+ 1.9GHZ CPU ADO3600IAA5DD SOCKET AM2,2,7.25,<p>Pulled from working unit Guarantee against DOA Comes with 14 days warranty Please check my listing for more computer parts</p>,164,,LISTED,O,141143776745,ID: 141143776745,AMD ATHLON 64 X 2 3600+ 1.9GHZ CPU ADO3600IAA5DD SOCKET AM2,2,$7.25,0,,,,,,,,,,,,,,,,,
CPU,AMD,AMD 18,AMD ATHLON 64 X 2 3600+ 2.0GHZ CPU PROCESSOR ADO3600IAA4CU SOCKET AM2,1,12.5,<p>Pulled from working unit Guarantee against DOA Comes with 14 days warranty Please check my listing for more computer parts</p>,164,,LISTED,O,141058177786,ID: 141058177786,AMD ATHLON 64 X 2 3600+ 2.0GHZ CPU PROCESSOR ADO3600IAA4CU SOCKET AM2,1,$12.50,0,,,,,,,,,,,,,,,,,
CPU,AMD,AMD 19,AMD ATHLON 64 X 2 3800+ 2.0GHZ ADD3800IAA5CU SOCKET AM2 DUAL CORE CPU PROCESSOR,2,35,<p>Pulled from working unit Guarantee against DOA Comes with 14 days warranty Please check my listing for more computer parts</p>,164,,LISTED,O,141143776874,ID: 141143776874,AMD ATHLON 64 X 2 3800+ 2.0GHZ ADD3800IAA5CU SOCKET AM2 DUAL CORE CPU PROCESSOR,2,$35.00,0,,,,,,,,,,,,,,,,,
CPU,AMD,AMD 20,AMD ATHLON 64 X 2 3800+ 2.0GHZ CPU ADA3800IAA5CU SOCKET AM2,3,8.75,<p>Pulled from working unit Guarantee against DOA Comes with 14 days warranty Please check my listing for more computer parts</p>,164,,LISTED,O,141058177056,ID: 141058177056,AMD ATHLON 64 X 2 3800+ 2.0GHZ CPU ADA3800IAA5CU SOCKET AM2,3,$8.75,0,,,,,,,,,,,,,,,,,
CPU,AMD,AMD 21,AMD ATHLON 64 X 2 3800+ 2.0GHZ CPU PROCESSOR ADO3800IAA5CS SOCKET AM2,1,13,<p>Pulled from working unit Guarantee against DOA Comes with 14 days warranty Please check my listing for more computer parts</p>,164,,LISTED,O,130987706813,ID: 130987706813,AMD ATHLON 64 X 2 3800+ 2.0GHZ CPU PROCESSOR ADO3800IAA5CS SOCKET AM2,1,$13.00,0,,,,,,,,,,,,,,,,,
CPU,AMD,AMD 22,AMD ATHLON 64 X 2 4200+ 2.2GHZ CPU PROCESSOR ADO4200IAA5CU SOCKET AM2,7,10.75,<p>Pulled from working unit Guarantee against DOA Comes with 14 days warranty Please check my listing for more computer parts</p>,164,,LISTED,O,131010443114,ID: 131010443114,AMD ATHLON 64 X 2 4200+ 2.2GHZ CPU PROCESSOR ADO4200IAA5CU SOCKET AM2,7,$10.75,3,,,,,,,,,,,,,,,,,
CPU,AMD,AMD 23,AMD ATHLON 64 X 2 4400+ 2.3GHZ CPU PROCESSOR ADO4400IAA5DO SOCKET AM2,2,13.5,<p>Pulled from working unit Guarantee against DOA Comes with 14 days warranty Please check my listing for more computer parts</p>,164,,LISTED,O,141079783855,ID: 141079783855,AMD ATHLON 64 X 2 4400+ 2.3GHZ CPU PROCESSOR ADO4400IAA5DO SOCKET AM2,2,$13.50,3,,,,,,,,,,,,,,,,,
CPU,AMD,AMD 24,AMD ATHLON 64 X 2 4600+ 2.4GHZ ADA4600IAA5CU SOCKET AM2 CPU PROCESSOR,1,13,<p>Pulled from working unit Guarantee against DOA Comes with 14 days warranty Please check my listing for more computer parts</p>,164,,LISTED,O,151191438797,ID: 151191438797,AMD ATHLON 64 X 2 4600+ 2.4GHZ ADA4600IAA5CU SOCKET AM2 CPU PROCESSOR,1,$13.00,1,,,,,,,,,,,,,,,,,
CPU,AMD,AMD 25,AMD ATHLON 64 X 2 5200+ 2.6GHZ ADA5200IAA6CS SOCKET AM2 DUAL CORE CPU PROCESSOR,1,16,<p>Pulled from working unit Guarantee against DOA Comes with 14 days warranty Please check my listing for more computer parts</p>,164,,LISTED,O,131087180094,ID: 131087180094,AMD ATHLON 64 X 2 5200+ 2.6GHZ ADA5200IAA6CS SOCKET AM2 DUAL CORE CPU PROCESSOR,1,$16.00,0,,,,,,,,,,,,,,,,,
CPU,AMD,AMD 26,AMD ATHLON 64 X2 2.8GHZ CPU PROCESSOR ADO5400IAA5DO SOCKET AM2,1,29.99,<p>Pulled from working unit Guarantee against DOA Comes with 14 days warranty Please check my listing for more computer parts</p>,164,,LISTED,O,141087506487,ID: 141087506487,AMD ATHLON 64 X2 2.8GHZ CPU PROCESSOR ADO5400IAA5DO SOCKET AM2,1,$29.99,0,,,,,,,,,,,,,,,,,
CPU,AMD,AMD 27,AMD ATHLON 64 X2 4200+ 2.2GHZ CPU PROCESSOR ADO4200IAA5DO SOCKET AM2,3,11.5,<p>Pulled from working unit Guarantee against DOA Comes with 14 days warranty Please check my listing for more computer parts</p>,164,,LISTED,O,141080401724,ID: 141080401724,AMD ATHLON 64 X2 4200+ 2.2GHZ CPU PROCESSOR ADO4200IAA5DO SOCKET AM2,3,$11.50,3,,,,,,,,,,,,,,,,,
CPU,AMD,AMD 28,AMD ATHLON 64 X2 5200+ 2.6GHZ CPU PROCESSOR ADO5200IAA6CZ SOCKET AM2,3,27,<p>Pulled from working unit Guarantee against DOA Comes with 14 days warranty Please check my listing for more computer parts</p>,164,,LISTED,O,141081239386,ID: 141081239386,AMD ATHLON 64 X2 5200+ 2.6GHZ CPU PROCESSOR ADO5200IAA6CZ SOCKET AM2,3,$27.00,0,,,,,,,,,,,,,,,,,
CPU,AMD,AMD 29,AMD ATHLON 64 X2 5600+ 2.9GHZ ADO5600IAA5DO AM2 DUAL CORE CPU PROCESSOR,1,29,<p>Pulled from working unit Guarantee against DOA Comes with 14 days warranty Please check my listing for more computer parts</p>,164,,LISTED,O,131087165273,ID: 131087165273,AMD ATHLON 64 X2 5600+ 2.9GHZ ADO5600IAA5DO AM2 DUAL CORE CPU PROCESSOR,1,$29.00,0,,,,,,,,,,,,,,,,,
CPU,AMD,AMD 30,AMD ATHLON 64 X2 BE-2350 2.1GHZ CPU PROCESSOR ADH2350IAA5DO SOCKET AM2,3,11.75,<p>Pulled from working unit Guarantee against DOA Comes with 14 days warranty Please check my listing for more computer parts</p>,164,,LISTED,O,141080400339,ID: 141080400339,AMD ATHLON 64 X2 BE-2350 2.1GHZ CPU PROCESSOR ADH2350IAA5DO SOCKET AM2,3,$11.75,0,,,,,,,,,,,,,,,,,
CPU,AMD,AMD 31,AMD ATHLON 64X2 4600+ ADO4600IAA5DO SOCKET AM2 DUAL CORE CPU PROCESSOR,1,19.99,<p>Pulled from working unit Guarantee against DOA Comes with 14 days warranty Please check my listing for more computer parts</p>,164,,LISTED,O,131073565747,ID: 131073565747,AMD ATHLON 64X2 4600+ ADO4600IAA5DO SOCKET AM2 DUAL CORE CPU PROCESSOR,1,$19.99,0,,,,,,,,,,,,,,,,,
CPU,AMD,AMD 32,AMD ATHLON LE-1640 2.7GHZ CPU PROCESSOR ADH1640IAA4DP SOCKET AM2,1,12.5,<p>Pulled from working unit Guarantee against DOA Comes with 14 days warranty Please check my listing for more computer parts</p>,164,,LISTED,O,141079782678,ID: 141079782678,AMD ATHLON LE-1640 2.7GHZ CPU PROCESSOR ADH1640IAA4DP SOCKET AM2,1,$12.50,1,,,,,,,,,,,,,,,,,
CPU,AMD,AMD 33,AMD ATHLON X2 BE-2300 1.9GHZ ADH2300IAA5DO SOCKET AM2 CPU PROCESSOR,1,14,<p>Pulled from working unit Guarantee against DOA Comes with 14 days warranty Please check my listing for more computer parts</p>,164,,LISTED,O,131073566193,ID: 131073566193,AMD ATHLON X2 BE-2300 1.9GHZ ADH2300IAA5DO SOCKET AM2 CPU PROCESSOR,1,$14.00,0,,,,,,,,,,,,,,,,,
CPU,AMD,AMD 34,AMD ATHLON XP 2100 AXDA2100DUT3C DESKTOP CPU PROCESSOR,1,9.5,<p>Pulled from working unit Guarantee against DOA Comes with 14 days warranty Please check my listing for more computer parts</p>,164,,LISTED,O,140979019981,ID: 140979019981,AMD ATHLON XP 2100 AXDA2100DUT3C DESKTOP CPU PROCESSOR,1,$9.50,0,,,,,,,,,,,,,,,,,
CPU,AMD,AMD 35,AMD FUSION A4-3400 2.7GHZ AD3400OJZ22GX SOCKET FM1 DUAL CORE CPU PROCESSOR,1,49.99,<p>Pulled from working unit Guarantee against DOA Comes with 14 days warranty Please check my listing for more computer parts</p>,164,,LISTED,O,151191441343,ID: 151191441343,AMD FUSION A4-3400 2.7GHZ AD3400OJZ22GX SOCKET FM1 DUAL CORE CPU PROCESSOR,1,$49.99,0,,,,,,,,,,,,,,,,,
CPU,AMD,AMD 36,AMD SEMPRON 3000+ 1.6GHZ CPU SDA3000IAA3CN SOCKET AM2,2,6.75,<p>Pulled from working unit Guarantee against DOA Comes with 14 days warranty Please check my listing for more computer parts</p>,164,,LISTED,O,130993124431,ID: 130993124431,AMD SEMPRON 3000+ 1.6GHZ CPU SDA3000IAA3CN SOCKET AM2,2,$6.75,0,,,,,,,,,,,,,,,,,
CPU,AMD,AMD 37,AMD SEMPRON 3000+ 1.8GHZ CPU SDA3000AIO2BO SOCKET 754,1,8.5,<p>Pulled from working unit Guarantee against DOA Comes with 14 days warranty Please check my listing for more computer parts</p>,164,,LISTED,O,130993124255,ID: 130993124255,AMD SEMPRON 3000+ 1.8GHZ CPU SDA3000AIO2BO SOCKET 754,1,$8.50,0,,,,,,,,,,,,,,,,,
CPU,AMD,AMD 38,AMD SEMPRON 3100+ 1.8GHZ CPU PROCESSOR SDA3100AIO3BX SOCKET 754,19,7.95,<p>Pulled from working unit Guarantee against DOA Comes with 14 days warranty Please check my listing for more computer parts</p>,164,,LISTED,O,130993124004,ID: 130993124004,AMD SEMPRON 3100+ 1.8GHZ CPU PROCESSOR SDA3100AIO3BX SOCKET 754,19,$7.95,0,,,,,,,,,,,,,,,,,
CPU,AMD,AMD 39,AMD SEMPRON 3100+ 1.8GHZ CPU SDA3100AIO3BA SOCKET 754,2,6.25,<p>Pulled from working unit Guarantee against DOA Comes with 14 days warranty Please check my listing for more computer parts</p>,164,,LISTED,O,141063194081,ID: 141063194081,AMD SEMPRON 3100+ 1.8GHZ CPU SDA3100AIO3BA SOCKET 754,2,$6.25,0,,,,,,,,,,,,,,,,,
CPU,AMD,AMD 40,AMD SEMPRON 3100+ 1.8GHZ CPU SDA3100AIP3AX SOCKET 754,3,5.25,<p>Pulled from working unit Guarantee against DOA Comes with 14 days warranty Please check my listing for more computer parts</p>,164,,LISTED,O,130993123895,ID: 130993123895,AMD SEMPRON 3100+ 1.8GHZ CPU SDA3100AIP3AX SOCKET 754,3,$5.25,0,,,,,,,,,,,,,,,,,
CPU,AMD,AMD 41,AMD SEMPRON 3200+ 1.8GHZ CPU SDA3200DIO3BP SOCKET 939,1,9.75,<p>Pulled from working unit Guarantee against DOA Comes with 14 days warranty Please check my listing for more computer parts</p>,164,,LISTED,O,130993123813,ID: 130993123813,AMD SEMPRON 3200+ 1.8GHZ CPU SDA3200DIO3BP SOCKET 939,1,$9.75,0,,,,,,,,,,,,,,,,,
CPU,AMD,AMD 42,AMD SEMPRON 3200+ 1.8GHZ CPU SDA3200IAA2CN SOCKET AM2,1,5.75,<p>Pulled from working unit Guarantee against DOA Comes with 14 days warranty Please check my listing for more computer parts</p>,164,,LISTED,O,141063192958,ID: 141063192958,AMD SEMPRON 3200+ 1.8GHZ CPU SDA3200IAA2CN SOCKET AM2,1,$5.75,0,,,,,,,,,,,,,,,,,
CPU,AMD,AMD 43,AMD SEMPRON 3300+ 1.6GHZ CPU PROCESSOR SDA3300AIO2BX SOCKET 754,1,9.5,<p>Pulled from working unit Guarantee against DOA Comes with 14 days warranty Please check my listing for more computer parts</p>,164,,LISTED,O,141087503953,ID: 141087503953,AMD SEMPRON 3300+ 1.6GHZ CPU PROCESSOR SDA3300AIO2BX SOCKET 754,1,$9.50,0,,,,,,,,,,,,,,,,,
CPU,AMD,AMD 44,AMD SEMPRON 3300+ DESKTOP CPU 754 PIN 2.0GHZ 128KB SDA3300AIO2BA SDA3300AIO2BO,2,9.36,<p>Pulled from working unit Guarantee against DOA Comes with 14 days warranty Please check my listing for more computer parts</p>,164,,LISTED,O,130927967169,ID: 130927967169,AMD SEMPRON 3300+ DESKTOP CPU 754 PIN 2.0GHZ 128KB SDA3300AIO2BA SDA3300AIO2BO,2,$9.36,0,,,,,,,,,,,,,,,,,
CPU,AMD,AMD 45,AMD SEMPRON 3400+ 1.8GHZ CPU SDA3400IAA3CN SOCKET AM2,4,6.49,<p>Pulled from working unit Guarantee against DOA Comes with 14 days warranty Please check my listing for more computer parts</p>,164,,LISTED,O,130993123330,ID: 130993123330,AMD SEMPRON 3400+ 1.8GHZ CPU SDA3400IAA3CN SOCKET AM2,4,$6.49,0,,,,,,,,,,,,,,,,,
CPU,AMD,AMD 46,AMD SEMPRON 3400+ 1.8GHZ CPU SDA3400IAA3CW SOCKET AM2,6,7.5,<p>Pulled from working unit Guarantee against DOA Comes with 14 days warranty Please check my listing for more computer parts</p>,164,,LISTED,O,141063192648,ID: 141063192648,AMD SEMPRON 3400+ 1.8GHZ CPU SDA3400IAA3CW SOCKET AM2,6,$7.50,0,,,,,,,,,,,,,,,,,
CPU,AMD,AMD 47,AMD SEMPRON 3400+ 1.8GHZ CPU SDD3400IAA3CN SOCKET AM2,1,13.25,<p>Pulled from working unit Guarantee against DOA Comes with 14 days warranty Please check my listing for more computer parts</p>,164,,LISTED,O,130993123117,ID: 130993123117,AMD SEMPRON 3400+ 1.8GHZ CPU SDD3400IAA3CN SOCKET AM2,1,$13.25,0,,,,,,,,,,,,,,,,,
CPU,AMD,AMD 48,AMD SEMPRON 3400+ 2.0GHZ CPU PROCESSOR SDA3400DIO2BW SOCKET 939,3,7.76,<p>Pulled from working unit Guarantee against DOA Comes with 14 days warranty Please check my listing for more computer parts</p>,164,,LISTED,O,130953424893,ID: 130953424893,AMD SEMPRON 3400+ 2.0GHZ CPU PROCESSOR SDA3400DIO2BW SOCKET 939,3,$7.76,0,,,,,,,,,,,,,,,,,
CPU,AMD,AMD 49,AMD SEMPRON LE-1150 2.0GHZ CPU PROCESSOR SDH1150IAA3DE SOCKET AM2,3,10.5,<p>Pulled from working unit Guarantee against DOA Comes with 14 days warranty Please check my listing for more computer parts</p>,164,,LISTED,O,130993122641,ID: 130993122641,AMD SEMPRON LE-1150 2.0GHZ CPU PROCESSOR SDH1150IAA3DE SOCKET AM2,3,$10.50,1,,,,,,,,,,,,,,,,,
CPU,AMD,AMD 50,AMD SEMPRON LE-1200 2.1GHZ CPU SDH1200IAA4DE SOCKET AM2,1,12.5,<p>Pulled from working unit Guarantee against DOA Comes with 14 days warranty Please check my listing for more computer parts</p>,164,,LISTED,O,141063191795,ID: 141063191795,AMD SEMPRON LE-1200 2.1GHZ CPU SDH1200IAA4DE SOCKET AM2,1,$12.50,2,,,,,,,,,,,,,,,,,
CPU,AMD,AMD 51,AMD SEMPRON LE-1250 2.2GHZ CPU PROCESSOR SDH1250IAA4DP SOCKET AM2,8,9.99,<p>Pulled from working unit Guarantee against DOA Comes with 14 days warranty Please check my listing for more computer parts</p>,164,,LISTED,O,130993122296,ID: 130993122296,AMD SEMPRON LE-1250 2.2GHZ CPU PROCESSOR SDH1250IAA4DP SOCKET AM2,8,$9.99,2,,,,,,,,,,,,,,,,,
CPU,AMD,AMD 52,AMD SEMPRON LE-1300 2.3GHZ CPU PROCESSOR SDH1300IAA4DP SOCKET AM2,3,12.5,<p>Pulled from working unit Guarantee against DOA Comes with 14 days warranty Please check my listing for more computer parts</p>,164,,LISTED,O,141063191447,ID: 141063191447,AMD SEMPRON LE-1300 2.3GHZ CPU PROCESSOR SDH1300IAA4DP SOCKET AM2,3,$12.50,0,,,,,,,,,,,,,,,,,
CPU,AMD,AMD 53,AMD SEMPRON X2 2200 2.0GHZ CPU SDO2200IAA4DO SOCKET AM2,2,23,<p>Pulled from working unit Guarantee against DOA Comes with 14 days warranty Please check my listing for more computer parts</p>,164,,LISTED,O,130993122064,ID: 130993122064,AMD SEMPRON X2 2200 2.0GHZ CPU SDO2200IAA4DO SOCKET AM2,2,$23.00,0,,,,,,,,,,,,,,,,,
CPU,INTEL,INTEL 1,INTEL CORE I7 920 SLBEJ 2.66GHZ 8M SOCKET 1366 QUAD CORE CPU PROCESSOR,0,63,<p>Pulled from working unit Guarantee against DOA Comes with 14 days warranty Please check my listing for more computer parts</p>,164,,UNLIST,OFFLINE,,,,0,,0,,,,,,,,,,,,,,,,,2014-01-10 08:07 PM
CPU,INTEL,INTEL 2,INTEL XEON X5260 SLANJ 3.33GHZ 6M 1333 DUAL CORE SERVER CPU PROCESSOR,1,11,<p>Pulled from working unit Guarantee against DOA Comes with 14 days warranty Please check my listing for more computer parts</p>,164,,UNLIST,OFFLINE,,,,0,,0,,,,,,,,,,,,,,,,,1/9/2014 15:53
CPU,INTEL,INTEL 3,INTEL XEON X5355 SL9YM 2.66GHZ 8M 1333 QUAD CORE SERVER CPU PROCESSOR,5,24,<p>Pulled from working unit Guarantee against DOA Comes with 14 days warranty Please check my listing for more computer parts</p>,164,,UNLIST,OFFLINE,,,,0,,0,,,,,,,,,,,,,,,,,
CPU,INTEL,INTEL 4,INTEL XEON X5355 SLAC4 2.66GHZ 8M 1333 QUAD CORE SERVER CPU PROCESSOR,1,25.5,<p>Pulled from working unit Guarantee against DOA Comes with 14 days warranty Please check my listing for more computer parts</p>,164,,UNLIST,OFFLINE,,,,0,,0,,,,,,,,,,,,,,,,,2014-01-10 08:05 PM
CPU,INTEL,INTEL 5,INTEL XEON X5355 SLAEG 2.66GHZ 8M 1333 QUAD CORE SERVER CPU PROCESSOR,6,24,<p>Pulled from working unit Guarantee against DOA Comes with 14 days warranty Please check my listing for more computer parts</p>,164,,UNLIST,OFFLINE,,,,0,,0,,,,,,,,,,,,,,,,,
CPU,INTEL,INTEL 6,INTEL XEON X5365 SLAED 3.00GHZ 8M 1333 QUAD CORE SERVER CPU PROCESSOR,3,63,<p>Pulled from working unit Guarantee against DOA Comes with 14 days warranty Please check my listing for more computer parts</p>,164,,UNLIST,OFFLINE,,,,0,,0,,,,,,,,,,,,,,,,,2014-01-10 08:06 PM
CPU,INTEL,INTEL 7,INTEL XEON X5450 SLASB 3.00GHZ 12M 1333 QUAD CORE SERVER CPU PROCESSOR,0,39.99,<p>Pulled from working unit Guarantee against DOA Comes with 14 days warranty Please check my listing for more computer parts</p>,164,,UNLIST,OFFLINE,,,,0,,0,,,,,,,,,,,,,,,,,2014-01-10 08:01 PM
CPU,INTEL,INTEL 8,INTEL XEON X5450 SLBBE 3.00GHZ 12M 1333 QUAD CORE SERVER CPU PROCESSOR,1,34.99,<p>Pulled from working unit Guarantee against DOA Comes with 14 days warranty Please check my listing for more computer parts</p>,164,,UNLIST,OFFLINE,,,,0,,0,,,,,,,,,,,,,,,,,2014-01-10 08:05 PM
CPU,INTEL,INTEL 9,INTEL XEON X5460 SLANP 3.16GHZ 12M 1333 QUAD CORE SERVER CPU PROCESSOR,0,53,<p>Pulled from working unit Guarantee against DOA Comes with 14 days warranty Please check my listing for more computer parts</p>,164,,SOLD OUT,OFFLINE,,,,0,,0,,,,,,,,,,,,,,,,,2014-01-10 08:07 PM
CPU,INTEL,INTEL 10,INTEL XEON E5430 SLBBK 2.66GHZ 12M 1333 QUAD CORE SERVER CPU PROCESSOR,0,22.5,<p>Pulled from working unit Guarantee against DOA Comes with 14 days warranty Please check my listing for more computer parts</p>,164,,UNLIST,OFFLINE,,,,0,,0,,,,,,,,,,,,,,,,,2014-01-10 08:06 PM
CPU,INTEL,INTEL 11,INTEL XEON E5430 SLANU 2.66GHZ 12M 1333 QUAD CORE SERVER CPU PROCESSOR,0,22.5,<p>Pulled from working unit Guarantee against DOA Comes with 14 days warranty Please check my listing for more computer parts</p>,164,,UNLIST,OFFLINE,,,,0,,0,,,,,,,,,,,,,,,,,2014-01-10 08:11 PM
CPU,INTEL,INTEL 12,INTEL XEON E5420 SLBBL 2.5GHZ 12M 1333 QUAD CORE SERVER CPU PROCESSOR,0,22.5,<p>Pulled from working unit Guarantee against DOA Comes with 14 days warranty Please check my listing for more computer parts</p>,164,,UNLIST,OFFLINE,,,,0,,0,,,,,,,,,,,,,,,,,2014-01-10 08:06 PM
CPU,INTEL,INTEL 13,INTEL XEON E5450 SLANQ 3.0GHZ 12M 1333 QUAD CORE SERVER CPU PROCESSOR,0,47,<p>Pulled from working unit Guarantee against DOA Comes with 14 days warranty Please check my listing for more computer parts</p>,164,,UNLIST,OFFLINE,,,,0,,0,,,,,,,,,,,,,,,,,2014-01-10 08:04 PM
CPU,INTEL,INTEL 14,INTEL XEON L5430 SLBBQ 2.66GHZ  12M 1333 QUAD CORE SERVER CPU PROCESSOR,2,45,<p>Pulled from working unit Guarantee against DOA Comes with 14 days warranty Please check my listing for more computer parts</p>,164,,UNLIST,OFFLINE,,,,0,,0,,,,,,,,,,,,,,,,,
CPU,INTEL,INTEL 15,INTEL PENTIUM 4 660 SL7Z5 3.6GHZ 2M 800 CPU PROCESSOR,13,6.5,<p>Pulled from working unit Guarantee against DOA Comes with 14 days warranty Please check my listing for more computer parts</p>,164,,UNLIST,OFFLINE,,,,0,,0,,,,,,,,,,,,,,,,,
CPU,INTEL,INTEL 16,INTEL PENTIUM 4 660 SL8PZ 3.6GHZ 2M 800 CPU PROCESSOR,3,6.5,<p>Pulled from working unit Guarantee against DOA Comes with 14 days warranty Please check my listing for more computer parts</p>,164,,UNLIST,OFFLINE,,,,0,,0,,,,,,,,,,,,,,,,,
CPU,INTEL,INTEL 17,INTEL PENTIUM 4 661 SL94V 3.6GHZ 2M 800 CPU PROCESSOR,4,11.5,<p>Pulled from working unit Guarantee against DOA Comes with 14 days warranty Please check my listing for more computer parts</p>,164,,UNLIST,OFFLINE,,,,0,,0,,,,,,,,,,,,,,,,,
CPU,INTEL,INTEL 18,INTEL PENTIUM 4 670 SL7Z3 3.8GHZ 2M 800 CPU PROCESSOR,8,15.5,<p>Pulled from working unit Guarantee against DOA Comes with 14 days warranty Please check my listing for more computer parts</p>,164,,UNLIST,OFFLINE,,,,0,,0,,,,,,,,,,,,,,,,,
CPU,INTEL,INTEL 19,INTEL PENTIUM 4 670 SL8PY 3.8GHZ 2M 800 CPU PROCESSOR,9,15.5,<p>Pulled from working unit Guarantee against DOA Comes with 14 days warranty Please check my listing for more computer parts</p>,164,,UNLIST,OFFLINE,,,,0,,0,,,,,,,,,,,,,,,,,2014-01-10 08:06 PM
CPU,INTEL,INTEL 20,INTEL PENTIUM D 950 SL95V 3.4GHZ 4M 800 DUAL CORE CPU PROCESSOR,34,11.5,<p>Pulled from working unit Guarantee against DOA Comes with 14 days warranty Please check my listing for more computer parts</p>,164,,LISTED,O,131083892817,ID: 131083892817,INTEL PENTIUM D 950 SL95V 3.4GHZ 4M 800 DUAL CORE CPU PROCESSOR,36,$11.50,1,,,,,,,,,,,,,,,,,2014-01-10 08:02 PM
CPU,INTEL,INTEL 21,INTEL XEON 3050 SL9VS 2.13GHZ 2M 1066 DUAL-CORE CPU PROCESSOR,8,8,<p>Pulled from working unit Guarantee against DOA Comes with 14 days warranty Please check my listing for more computer parts</p>,164,,UNLIST,OFFLINE,,,,0,,0,,,,,,,,,,,,,,,,,
CPU,INTEL,INTEL 22,INTEL XEON 3050 SLABZ 2.13GHZ 2M 1066 DUAL CORE CPU PROCESSOR,8,8,<p>Pulled from working unit Guarantee against DOA Comes with 14 days warranty Please check my listing for more computer parts</p>,164,,UNLIST,OFFLINE,,,,0,,0,,,,,,,,,,,,,,,,,
CPU,INTEL,INTEL 23,INTEL XEON X3230 SLACS 2.66GHZ 8M QUAD CORE CPU PROCESSOR,1,69.99,<p>Pulled from working unit Guarantee against DOA Comes with 14 days warranty Please check my listing for more computer parts</p>,164,,LISTED,O,151192216672,ID: 151192216672,INTEL XEON X3230 SLACS 2.66GHZ 8M QUAD CORE CPU PROCESSOR,2,$69.99,0,,,,,,,,,,,,,,,,,2014-01-10 08:07 PM
CPU,INTEL,INTEL 24,INTEL CORE I3 540  SLBTD 3.06GHZ 4M SOCKET 1156 DUAL CORE CPU PROCESSOR,0,49,<p>Pulled from working unit Guarantee against DOA Comes with 14 days warranty Please check my listing for more computer parts</p>,164,,UNLIST,OFFLINE,,,,0,,0,,,,,,,,,,,,,,,,,2014-01-10 08:04 PM
CPU,INTEL,INTEL 25,INTEL XEON E3113 SLAYK 3.0GHZ 6M 1333 DUAL CORE SOCKET 771 CPU PROCESSOR,3,14,<p>Pulled from working unit Guarantee against DOA Comes with 14 days warranty Please check my listing for more computer parts</p>,164,,UNLIST,OFFLINE,,,,0,,0,,,,,,,,,,,,,,,,,
CPU,INTEL,INTEL 26,INTEL XEON X3220 SLACT 2.4GHZ 8M 1066 QUAD CORE SERVER CPU PROCESSOR,0,43,<p>Pulled from working unit Guarantee against DOA Comes with 14 days warranty Please check my listing for more computer parts</p>,164,,UNLIST,OFFLINE,,,,0,,0,,,,,,,,,,,,,,,,,2014-01-10 08:03 PM
